                  epoch,         train/box_loss,         train/cls_loss,         train/dfl_loss,   metrics/precision(B),      metrics/recall(B),       metrics/mAP50(B),    metrics/mAP50-95(B),           val/box_loss,           val/cls_loss,           val/dfl_loss,                 lr/pg0,                 lr/pg1,                 lr/pg2
                      1,                 1.1702,                 2.9285,                 1.3675,                0.01011,                0.99111,                0.85827,                0.50848,                 1.1187,                 2.9146,                 1.1591,                0.00026,                0.00026,                0.00026
                      2,                 1.0071,                  1.551,                 1.1443,                0.00346,                0.99556,                0.95182,                0.61136,                 1.0245,                 2.8979,                 1.0975,              0.0002727,              0.0002727,              0.0002727
