                  epoch,         train/box_loss,         train/cls_loss,         train/dfl_loss,   metrics/precision(B),      metrics/recall(B),       metrics/mAP50(B),    metrics/mAP50-95(B),           val/box_loss,           val/cls_loss,           val/dfl_loss,                 lr/pg0,                 lr/pg1,                 lr/pg2
                      1,                 1.1347,                 1.4322,                 1.2358,                 0.6574,                0.53408,                0.61542,                0.45739,                 1.0844,                 1.1272,                 1.1263,               8.33e-06,               8.33e-06,               8.33e-06
                      2,                 1.1099,                 1.3429,                 1.2377,                0.68231,                0.54296,                0.62648,                0.46588,                  1.081,                 1.0998,                 1.1228,             1.4316e-05,             1.4316e-05,             1.4316e-05
                      3,                 1.1961,                 1.3975,                 1.2364,                0.67342,                0.56499,                0.63952,                0.47476,                 1.0747,                 1.0817,                 1.1198,             1.6531e-05,             1.6531e-05,             1.6531e-05
                      4,                 1.1644,                 1.3195,                 1.2237,                0.69013,                0.57049,                0.65155,                0.48575,                   1.07,                 1.0636,                 1.1166,             1.4977e-05,             1.4977e-05,             1.4977e-05
                      5,                 1.1249,                 1.2833,                 1.2195,                0.68164,                0.57458,                0.65506,                0.48963,                 1.0652,                  1.051,                 1.1139,             9.6533e-06,             9.6533e-06,             9.6533e-06
